id,stocked_on,waterbody_id,county,waterbody,species,quantity
4763,2026-08-14,64,White,Spoilcane Creek,,
4762,2026-08-14,80,White,Smith Creek,,
4761,2026-08-14,62,White,Low Gap Creek,,
4760,2026-08-14,61,White,Jasus Creek,,
4759,2026-08-14,59,White,Chattahoochee River (WMA),,
4758,2026-08-14,79,Walker,West Armuchee,,
4757,2026-08-14,58,Rabun,West Fork Chattooga River,,
4756,2026-08-14,57,Rabun,Warwoman Creek,,
4755,2026-08-14,56,Rabun,Sarah's Creek,,
4754,2026-08-14,27,Rabun,Moccasin Creek,,
4753,2026-08-14,26,Rabun,Holcomb Creek,,
4752,2026-08-14,24,Habersham,Raper Creek,,
4751,2026-08-14,100,Habersham,Panther Creek,,
4750,2026-08-14,65,Floyd,Johns Creek,,
4749,2026-08-13,98,White,Town Creek,,
4748,2026-08-13,78,Union,Cooper Creek,,
4747,2026-08-13,77,Towns,Tallulah River (T),,
4746,2026-08-13,74,Rabun,Tallulah River (R),,
4745,2026-08-13,71,Lumpkin,Frogtown Creek,,
4744,2026-08-13,68,Lumpkin,Dicks Creek,,
4743,2026-08-13,67,Lumpkin,Boggs Creek,,
4742,2026-08-13,95,Floyd,Little Cedar Creek,,
4741,2026-08-13,44,Chattooga,Taliaferro Creek,,
4740,2026-08-12,36,Union,Nottely River,,
4739,2026-08-12,34,Towns,Swallow Creek,,
4738,2026-08-12,33,Towns,Soapstone Creek,,
4737,2026-08-12,81,Fannin,Rock Creek (F),,
4736,2026-08-11,101,Fannin,Toccoa River,,
4735,2026-08-11,45,Fannin,Blueridge TW,,
4734,2026-08-10,27,Rabun,Moccasin Creek,,
4733,2026-08-10,5,Forsyth/Gwinnett,Lanier Tailwater,,
4582,2026-08-07,82,White,Chattahoochee River,,
4581,2026-08-07,78,Union,Cooper Creek,,
4580,2026-08-07,77,Towns,Tallulah River (T),,
4579,2026-08-07,74,Rabun,Tallulah River (R),,
4578,2026-08-07,27,Rabun,Moccasin Creek,,
4577,2026-08-07,66,Habersham,Soque River,,
4576,2026-08-06,58,Rabun,West Fork Chattooga River,,
4575,2026-08-06,57,Rabun,Warwoman Creek,,
4574,2026-08-06,56,Rabun,Sarah's Creek,,
4573,2026-08-06,68,Lumpkin,Dicks Creek,,
4572,2026-08-06,67,Lumpkin,Boggs Creek,,
4571,2026-08-06,4,Fannin,Toccoa River (F),,
4570,2026-08-06,81,Fannin,Rock Creek (F),,
4569,2026-08-05,80,White,Smith Creek,,
4568,2026-08-05,62,White,Low Gap Creek,,
4567,2026-08-05,61,White,Jasus Creek,,
4566,2026-08-05,59,White,Chattahoochee River (WMA),,
4565,2026-08-05,72,Lumpkin,Nimblewill Creek,,
4564,2026-08-05,70,Lumpkin,Etowah River,,
4563,2026-08-05,45,Fannin,Blueridge TW,,
4562,2026-08-04,53,Murray,Holly Creek,,
4561,2026-08-04,11,Gilmer,Tickanetley Creek,,
4560,2026-08-04,10,Gilmer,Owl Town Creek,,
4559,2026-08-03,27,Rabun,Moccasin Creek,,
4558,2026-08-03,5,Forsyth/Gwinnett,Lanier Tailwater,,
4383,2026-07-31,64,White,Spoilcane Creek,,
4382,2026-07-31,62,White,Low Gap Creek,,
4381,2026-07-31,61,White,Jasus Creek,,
4380,2026-07-31,59,White,Chattahoochee River (WMA),,
4379,2026-07-31,27,Rabun,Moccasin Creek,,
4378,2026-07-31,24,Habersham,Raper Creek,,
4377,2026-07-31,100,Habersham,Panther Creek,,
4376,2026-07-31,95,Floyd,Little Cedar Creek,,
4375,2026-07-31,81,Fannin,Rock Creek (F),,
4374,2026-07-31,44,Chattooga,Taliaferro Creek,,
4373,2026-07-30,79,Walker,West Armuchee,,
4372,2026-07-30,78,Union,Cooper Creek,,
4371,2026-07-30,77,Towns,Tallulah River (T),,
4370,2026-07-30,74,Rabun,Tallulah River (R),,
4369,2026-07-30,65,Floyd,Johns Creek,,
4368,2026-07-30,45,Fannin,Blueridge TW,,
4367,2026-07-29,58,Rabun,West Fork Chattooga River,,
4366,2026-07-29,57,Rabun,Warwoman Creek,,
4365,2026-07-29,56,Rabun,Sarah's Creek,,
4364,2026-07-29,26,Rabun,Holcomb Creek,,
4363,2026-07-29,68,Lumpkin,Dicks Creek,,
4362,2026-07-29,67,Lumpkin,Boggs Creek,,
4361,2026-07-28,80,White,Smith Creek,,
4360,2026-07-28,36,Union,Nottely River,,
4359,2026-07-28,34,Towns,Swallow Creek,,
4358,2026-07-28,33,Towns,Soapstone Creek,,
4357,2026-07-27,27,Rabun,Moccasin Creek,,
4356,2026-07-27,15,Hart,Hartwell Tailwaters,,
4355,2026-07-27,5,Forsyth/Gwinnett,Lanier Tailwater,,
4264,2026-07-24,81,Fannin,Rock Creek (F),,
4263,2026-07-23,58,Rabun,West Fork Chattooga River,,
4262,2026-07-23,57,Rabun,Warwoman Creek,,
4261,2026-07-23,56,Rabun,Sarah's Creek,,
4260,2026-07-23,68,Lumpkin,Dicks Creek,,
4259,2026-07-23,4,Fannin,Toccoa River (F),,
4258,2026-07-23,45,Fannin,Blueridge TW,,
4257,2026-07-23,2,Fannin,Big Creek,,
4256,2026-07-22,80,White,Smith Creek,,
4255,2026-07-22,62,White,Low Gap Creek,,
4254,2026-07-22,61,White,Jasus Creek,,
4253,2026-07-22,59,White,Chattahoochee River (WMA),,
4252,2026-07-22,78,Union,Cooper Creek,,
4251,2026-07-20,27,Rabun,Moccasin Creek,,
4250,2026-07-20,5,Forsyth/Gwinnett,Lanier Tailwater,,
4009,2026-07-17,64,White,Spoilcane Creek,,
4008,2026-07-17,80,White,Smith Creek,,
4007,2026-07-17,62,White,Low Gap Creek,,
4006,2026-07-17,61,White,Jasus Creek,,
4005,2026-07-17,59,White,Chattahoochee River (WMA),,
4004,2026-07-17,77,Towns,Tallulah River (T),,
4003,2026-07-17,74,Rabun,Tallulah River (R),,
4002,2026-07-17,50,Floyd,Mt. Hope Creek,,
4001,2026-07-17,95,Floyd,Little Cedar Creek,,
4000,2026-07-17,81,Fannin,Rock Creek (F),,
3999,2026-07-17,44,Chattooga,Taliaferro Creek,,
3998,2026-07-16,79,Walker,West Armuchee,,
3997,2026-07-16,78,Union,Cooper Creek,,
3996,2026-07-16,58,Rabun,West Fork Chattooga River,,
3995,2026-07-16,57,Rabun,Warwoman Creek,,
3994,2026-07-16,56,Rabun,Sarah's Creek,,
3993,2026-07-16,26,Rabun,Holcomb Creek,,
3992,2026-07-16,71,Lumpkin,Frogtown Creek,,
3991,2026-07-16,68,Lumpkin,Dicks Creek,,
3990,2026-07-16,67,Lumpkin,Boggs Creek,,
3989,2026-07-16,24,Habersham,Raper Creek,,
3988,2026-07-16,65,Floyd,Johns Creek,,
3987,2026-07-16,87,Dawson,Little Amicalola,,
3986,2026-07-16,22,Dawson,Cochran Creek,,
3985,2026-07-16,21,Dawson,Amicalola Creek,,
3984,2026-07-15,82,White,Chattahoochee River,,
3983,2026-07-15,15,Hart,Hartwell Tailwaters,,
3982,2026-07-15,66,Habersham,Soque River,,
3981,2026-07-15,100,Habersham,Panther Creek,,
3980,2026-07-15,45,Fannin,Blueridge TW,,
3979,2026-07-14,36,Union,Nottely River,,
3978,2026-07-14,34,Towns,Swallow Creek,,
3977,2026-07-14,33,Towns,Soapstone Creek,,
3976,2026-07-14,53,Murray,Holly Creek,,
3975,2026-07-14,72,Lumpkin,Nimblewill Creek,,
3974,2026-07-14,70,Lumpkin,Etowah River,,
3973,2026-07-14,10,Gilmer,Owl Town Creek,,
3972,2026-07-14,52,Gilmer,Mountaintown Creek,,
3971,2026-07-13,27,Rabun,Moccasin Creek,,
3970,2026-07-13,5,Forsyth/Gwinnett,Lanier Tailwater,,
3861,2026-07-10,80,White,Smith Creek,,
3860,2026-07-10,62,White,Low Gap Creek,,
3859,2026-07-10,61,White,Jasus Creek,,
3858,2026-07-10,59,White,Chattahoochee River (WMA),,
3857,2026-07-10,77,Towns,Tallulah River (T),,
3856,2026-07-10,74,Rabun,Tallulah River (R),,
3855,2026-07-10,27,Rabun,Moccasin Creek,,
3854,2026-07-10,95,Floyd,Little Cedar Creek,,
3853,2026-07-10,4,Fannin,Toccoa River (F),,
3852,2026-07-09,79,Walker,West Armuchee,,
3851,2026-07-09,78,Union,Cooper Creek,,
3850,2026-07-09,68,Lumpkin,Dicks Creek,,
3849,2026-07-09,67,Lumpkin,Boggs Creek,,
3848,2026-07-09,65,Floyd,Johns Creek,,
3847,2026-07-09,45,Fannin,Blueridge TW,,
3846,2026-07-06,27,Rabun,Moccasin Creek,,
3845,2026-07-06,5,Forsyth/Gwinnett,Lanier Tailwater,,
3844,2026-07-06,81,Fannin,Rock Creek (F),,
3519,2026-07-02,43,White,Town Creek (W),,
3518,2026-07-02,77,Towns,Tallulah River (T),,
3517,2026-07-02,74,Rabun,Tallulah River (R),,
3516,2026-07-02,27,Rabun,Moccasin Creek,,
3515,2026-07-02,71,Lumpkin,Frogtown Creek,,
3514,2026-07-02,68,Lumpkin,Dicks Creek,,
3513,2026-07-02,67,Lumpkin,Boggs Creek,,
3512,2026-07-02,50,Floyd,Mt. Hope Creek,,
3511,2026-07-02,95,Floyd,Little Cedar Creek,,
3510,2026-07-02,45,Fannin,Blueridge TW,,
3509,2026-07-02,44,Chattooga,Taliaferro Creek,,
3508,2026-07-01,64,White,Spoilcane Creek,,
3507,2026-07-01,80,White,Smith Creek,,
3506,2026-07-01,62,White,Low Gap Creek,,
3505,2026-07-01,61,White,Jasus Creek,,
3504,2026-07-01,59,White,Chattahoochee River (WMA),,
3503,2026-07-01,79,Walker,West Armuchee,,
3502,2026-07-01,41,Union,Wolf Creek,,
3501,2026-07-01,39,Union,W.F. Wolf Creek,,
3500,2026-07-01,36,Union,Nottely River,,
3499,2026-07-01,78,Union,Cooper Creek,,
3498,2026-07-01,35,Union,Brasstown Creek (U),,
3497,2026-07-01,34,Towns,Swallow Creek,,
3496,2026-07-01,33,Towns,Soapstone Creek,,
3495,2026-07-01,32,Towns,Hiawassee River,,
3494,2026-07-01,31,Towns,Brasstown Creek (T),,
3493,2026-07-01,58,Rabun,West Fork Chattooga River,,
3492,2026-07-01,57,Rabun,Warwoman Creek,,
3491,2026-07-01,56,Rabun,Sarah's Creek,,
3490,2026-07-01,24,Habersham,Raper Creek,,
3489,2026-07-01,65,Floyd,Johns Creek,,
3488,2026-07-01,81,Fannin,Rock Creek (F),,
3487,2026-06-30,53,Murray,Holly Creek,,
3486,2026-06-30,11,Gilmer,Tickanetley Creek,,
3485,2026-06-30,10,Gilmer,Owl Town Creek,,
3484,2026-06-30,4,Fannin,Toccoa River (F),,
3483,2026-06-30,48,Fannin,Sugar Creek,,
3482,2026-06-30,81,Fannin,Rock Creek (F),,
3481,2026-06-30,47,Fannin,Hothouse Creek,,
3480,2026-06-30,46,Fannin,Hemptown Creek,,
3479,2026-06-30,45,Fannin,Blueridge TW,,
3478,2026-06-30,1,Bartow,Connesena Creek,,
3477,2026-06-29,78,Union,Cooper Creek,,
3476,2026-06-29,29,Rabun,Timpson Creek,,
3475,2026-06-29,28,Rabun,Tiger Creek,,
3474,2026-06-29,27,Rabun,Moccasin Creek,,
3473,2026-06-29,26,Rabun,Holcomb Creek,,
3472,2026-06-29,55,Paulding,Raccoon Creek,,
3471,2026-06-29,73,Lumpkin,Ward Creek,,
3470,2026-06-29,72,Lumpkin,Nimblewill Creek,,
3469,2026-06-29,70,Lumpkin,Etowah River,,
3468,2026-06-29,15,Hart,Hartwell Tailwaters,,
3467,2026-06-29,23,Habersham,Panther Creek (H),,
3466,2026-06-29,5,Forsyth/Gwinnett,Lanier Tailwater,,
3243,2026-06-26,77,Towns,Tallulah River (T),,
3242,2026-06-26,74,Rabun,Tallulah River (R),,
3241,2026-06-26,27,Rabun,Moccasin Creek,,
3240,2026-06-26,96,Paulding,Little Pumpkinvine Creek,,
3239,2026-06-26,14,Haralson,Watermill Creek,,
3238,2026-06-26,81,Fannin,Rock Creek (F),,
3237,2026-06-25,80,White,Smith Creek,,
3236,2026-06-25,62,White,Low Gap Creek,,
3235,2026-06-25,61,White,Jasus Creek,,
3234,2026-06-25,59,White,Chattahoochee River (WMA),,
3233,2026-06-25,79,Walker,West Armuchee,,
3232,2026-06-25,68,Lumpkin,Dicks Creek,,
3231,2026-06-25,67,Lumpkin,Boggs Creek,,
3230,2026-06-25,65,Floyd,Johns Creek,,
3229,2026-06-25,4,Fannin,Toccoa River (F),,
3228,2026-06-25,3,Fannin,Rock Creek Lake,,
3227,2026-06-25,2,Fannin,Big Creek,,
3226,2026-06-25,87,Dawson,Little Amicalola,,
3225,2026-06-25,22,Dawson,Cochran Creek,,
3224,2026-06-25,21,Dawson,Amicalola Creek,,
3223,2026-06-24,82,White,Chattahoochee River,,
3222,2026-06-24,53,Murray,Holly Creek,,
3221,2026-06-24,72,Lumpkin,Nimblewill Creek,,
3220,2026-06-24,70,Lumpkin,Etowah River,,
3219,2026-06-24,66,Habersham,Soque River,,
3218,2026-06-24,45,Fannin,Blueridge TW,,
3217,2026-06-24,93,Dade,Allison Creek,,
3216,2026-06-22,5,Forsyth/Gwinnett,Lanier Tailwater,,
2971,2026-06-18,64,White,Spoilcane Creek,,
2970,2026-06-18,62,White,Low Gap Creek,,
2969,2026-06-18,61,White,Jasus Creek,,
2968,2026-06-18,59,White,Chattahoochee River (WMA),,
2967,2026-06-18,78,Union,Cooper Creek,,
2966,2026-06-18,27,Rabun,Moccasin Creek,,
2965,2026-06-18,54,Murray,Mill Creek - 1,,
2964,2026-06-18,53,Murray,Holly Creek,,
2963,2026-06-18,24,Habersham,Raper Creek,,
2962,2026-06-18,52,Gilmer,Mountaintown Creek,,
2961,2026-06-18,10,Gilmer,Owl Town Creek,,
2960,2026-06-18,95,Floyd,Little Cedar Creek,,
2959,2026-06-18,44,Chattooga,Taliaferro Creek,,
2958,2026-06-17,80,White,Smith Creek,,
2957,2026-06-17,82,White,Chattahoochee River,,
2956,2026-06-17,71,Lumpkin,Frogtown Creek,,
2955,2026-06-17,68,Lumpkin,Dicks Creek,,
2954,2026-06-17,67,Lumpkin,Boggs Creek,,
2953,2026-06-17,66,Habersham,Soque River,,
2952,2026-06-17,4,Fannin,Toccoa River (F),,
2951,2026-06-17,45,Fannin,Blueridge TW,,
2950,2026-06-17,1,Bartow,Connesena Creek,,
2949,2026-06-16,79,Walker,West Armuchee,,
2948,2026-06-16,77,Towns,Tallulah River (T),,
2947,2026-06-16,58,Rabun,West Fork Chattooga River,,
2946,2026-06-16,57,Rabun,Warwoman Creek,,
2945,2026-06-16,74,Rabun,Tallulah River (R),,
2944,2026-06-16,56,Rabun,Sarah's Creek,,
2943,2026-06-16,26,Rabun,Holcomb Creek,,
2942,2026-06-16,72,Lumpkin,Nimblewill Creek,,
2941,2026-06-16,70,Lumpkin,Etowah River,,
2940,2026-06-16,65,Floyd,Johns Creek,,
2939,2026-06-15,41,Union,Wolf Creek,,
2938,2026-06-15,40,Union,Winfield Scott Lake,,
2937,2026-06-15,39,Union,W.F. Wolf Creek,,
2936,2026-06-15,36,Union,Nottely River,,
2935,2026-06-15,34,Towns,Swallow Creek,,
2934,2026-06-15,33,Towns,Soapstone Creek,,
2933,2026-06-15,32,Towns,Hiawassee River,,
2932,2026-06-15,27,Rabun,Moccasin Creek,,
2931,2026-06-15,15,Hart,Hartwell Tailwaters,,
2930,2026-06-15,23,Habersham,Panther Creek (H),,
2929,2026-06-15,5,Forsyth/Gwinnett,Lanier Tailwater,,
2928,2026-06-15,81,Fannin,Rock Creek (F),,
2927,2026-06-15,20,Chattooga,Storey Mill Creek,,
2926,2026-06-15,19,Chattooga,Ruff Creek,,
2925,2026-06-15,99,Chattooga,East Fork Little River,,
2686,2026-06-12,79,Walker,West Armuchee,,
2685,2026-06-12,36,Union,Nottely River,,
2684,2026-06-12,33,Towns,Soapstone Creek,,
2683,2026-06-12,27,Rabun,Moccasin Creek,,
2682,2026-06-12,65,Floyd,Johns Creek,,
2681,2026-06-12,4,Fannin,Toccoa River (F),,
2680,2026-06-11,80,White,Smith Creek,,
2679,2026-06-11,62,White,Low Gap Creek,,
2678,2026-06-11,61,White,Jasus Creek,,
2677,2026-06-11,59,White,Chattahoochee River (WMA),,
2675,2026-06-11,82,White,Chattahoochee River,,
2674,2026-06-11,75,Stephens,Middle Broad River,,
2673,2026-06-11,55,Paulding,Raccoon Creek,,
2672,2026-06-11,72,Lumpkin,Nimblewill Creek,,
2671,2026-06-11,70,Lumpkin,Etowah River,,
2670,2026-06-10,78,Union,Cooper Creek,,
2669,2026-06-10,77,Towns,Tallulah River (T),,
2668,2026-06-10,74,Rabun,Tallulah River (R),,
2667,2026-06-10,68,Lumpkin,Dicks Creek,,
2666,2026-06-10,67,Lumpkin,Boggs Creek,,
2665,2026-06-10,23,Habersham,Panther Creek (H),,
2664,2026-06-09,98,White,Town Creek,,
2662,2026-06-09,82,White,Chattahoochee River,,
2661,2026-06-09,53,Murray,Holly Creek,,
2660,2026-06-09,66,Habersham,Soque River,,
2659,2026-06-09,81,Fannin,Rock Creek (F),,
2658,2026-06-09,45,Fannin,Blueridge TW,,
2657,2026-06-08,58,Rabun,West Fork Chattooga River,,
2656,2026-06-08,57,Rabun,Warwoman Creek,,
2655,2026-06-08,56,Rabun,Sarah's Creek,,
2654,2026-06-08,27,Rabun,Moccasin Creek,,
2653,2026-06-08,5,Forsyth/Gwinnett,Lanier Tailwater,,
2364,2026-06-06,78,Union,Cooper Creek,,
2363,2026-06-05,80,White,Smith Creek,,
2362,2026-06-05,82,White,Chattahoochee River,,
2361,2026-06-05,79,Walker,West Armuchee,,
2360,2026-06-05,27,Rabun,Moccasin Creek,,
2359,2026-06-05,66,Habersham,Soque River,,
2358,2026-06-05,65,Floyd,Johns Creek,,
2357,2026-06-05,81,Fannin,Rock Creek (F),,
2356,2026-06-04,77,Towns,Tallulah River (T),,
2355,2026-06-04,58,Rabun,West Fork Chattooga River,,
2354,2026-06-04,57,Rabun,Warwoman Creek,,
2353,2026-06-04,74,Rabun,Tallulah River (R),,
2352,2026-06-04,56,Rabun,Sarah's Creek,,
2351,2026-06-04,26,Rabun,Holcomb Creek,,
2350,2026-06-04,72,Lumpkin,Nimblewill Creek,,
2349,2026-06-04,70,Lumpkin,Etowah River,,
2348,2026-06-04,24,Habersham,Raper Creek,,
2347,2026-06-04,23,Habersham,Panther Creek (H),,
2346,2026-06-04,87,Dawson,Little Amicalola,,
2345,2026-06-04,22,Dawson,Cochran Creek,,
2344,2026-06-04,21,Dawson,Amicalola Creek,,
2343,2026-06-04,1,Bartow,Connesena Creek,,
2342,2026-06-03,64,White,Spoilcane Creek,,
2341,2026-06-03,62,White,Low Gap Creek,,
2340,2026-06-03,61,White,Jasus Creek,,
2339,2026-06-03,59,White,Chattahoochee River (WMA),,
2338,2026-06-03,71,Lumpkin,Frogtown Creek,,
2337,2026-06-03,68,Lumpkin,Dicks Creek,,
2336,2026-06-03,67,Lumpkin,Boggs Creek,,
2335,2026-06-03,14,Haralson,Watermill Creek,,
2334,2026-06-03,4,Fannin,Toccoa River (F),,
2333,2026-06-03,45,Fannin,Blueridge TW,,
2332,2026-06-02,76,Stephens,Panther Creek (S),,
2331,2026-06-02,75,Stephens,Middle Broad River,,
2330,2026-06-02,54,Murray,Mill Creek - 1,,
2329,2026-06-02,53,Murray,Holly Creek,,
2328,2026-06-02,52,Gilmer,Mountaintown Creek,,
2327,2026-06-02,10,Gilmer,Owl Town Creek,,
2326,2026-06-02,6,Gilmer,Cartecay River,,
2325,2026-06-01,41,Union,Wolf Creek,,
2324,2026-06-01,40,Union,Winfield Scott Lake,,
2323,2026-06-01,39,Union,W.F. Wolf Creek,,
2322,2026-06-01,36,Union,Nottely River,,
2321,2026-06-01,34,Towns,Swallow Creek,,
2320,2026-06-01,33,Towns,Soapstone Creek,,
2319,2026-06-01,32,Towns,Hiawassee River,,
2318,2026-06-01,27,Rabun,Moccasin Creek,,
2317,2026-06-01,5,Forsyth/Gwinnett,Lanier Tailwater,,
2082,2026-05-29,80,White,Smith Creek,,
2081,2026-05-29,62,White,Low Gap Creek,,
2080,2026-05-29,61,White,Jasus Creek,,
2079,2026-05-29,59,White,Chattahoochee River (WMA),,
2078,2026-05-29,78,Union,Cooper Creek,,
2077,2026-05-29,76,Stephens,Panther Creek (S),,
2076,2026-05-29,27,Rabun,Moccasin Creek,,
2075,2026-05-29,15,Hart,Hartwell Tailwaters,,
2074,2026-05-29,4,Fannin,Toccoa River (F),,
2073,2026-05-29,3,Fannin,Rock Creek Lake,,
2072,2026-05-29,2,Fannin,Big Creek,,
2071,2026-05-29,20,Chattooga,Storey Mill Creek,,
2070,2026-05-29,19,Chattooga,Ruff Creek,,
2069,2026-05-29,1,Bartow,Connesena Creek,,
2068,2026-05-28,53,Murray,Holly Creek,,
2067,2026-05-28,72,Lumpkin,Nimblewill Creek,,
2066,2026-05-28,70,Lumpkin,Etowah River,,
2065,2026-05-28,69,Lumpkin,Dockery Lake,,
2064,2026-05-28,68,Lumpkin,Dicks Creek,,
2063,2026-05-28,67,Lumpkin,Boggs Creek,,
2062,2026-05-28,45,Fannin,Blueridge TW,,
2061,2026-05-27,79,Walker,West Armuchee,,
2060,2026-05-27,41,Union,Wolf Creek,,
2059,2026-05-27,36,Union,Nottely River,,
2058,2026-05-27,77,Towns,Tallulah River (T),,
2057,2026-05-27,33,Towns,Soapstone Creek,,
2056,2026-05-27,74,Rabun,Tallulah River (R),,
2055,2026-05-27,65,Floyd,Johns Creek,,
2054,2026-05-27,81,Fannin,Rock Creek (F),,
2053,2026-05-26,82,White,Chattahoochee River,,
2052,2026-05-26,78,Union,Cooper Creek,,
2051,2026-05-26,58,Rabun,West Fork Chattooga River,,
2050,2026-05-26,57,Rabun,Warwoman Creek,,
2049,2026-05-26,56,Rabun,Sarah's Creek,,
2048,2026-05-26,27,Rabun,Moccasin Creek,,
2047,2026-05-26,66,Habersham,Soque River,,
2046,2026-05-26,5,Forsyth/Gwinnett,Lanier Tailwater,,
2045,2026-05-26,93,Dade,Allison Creek,,
2044,2026-05-26,92,Chattooga,East Fork Little River - 2,,
1641,2026-05-22,80,White,Smith Creek,,
1640,2026-05-22,63,White,Sautee Creek,,
1639,2026-05-22,60,White,Chickamauga Creek,,
1638,2026-05-22,82,White,Chattahoochee River,,
1637,2026-05-22,77,Towns,Tallulah River (T),,
1636,2026-05-22,74,Rabun,Tallulah River (R),,
1635,2026-05-22,27,Rabun,Moccasin Creek,,
1634,2026-05-22,66,Habersham,Soque River,,
1633,2026-05-22,50,Floyd,Mt. Hope Creek,,
1632,2026-05-22,95,Floyd,Little Cedar Creek,,
1631,2026-05-22,4,Fannin,Toccoa River (F),,
1630,2026-05-22,48,Fannin,Sugar Creek,,
1629,2026-05-22,47,Fannin,Hothouse Creek,,
1628,2026-05-22,46,Fannin,Hemptown Creek,,
1627,2026-05-22,45,Fannin,Blueridge TW,,
1626,2026-05-22,22,Dawson,Cochran Creek,,
1625,2026-05-22,21,Dawson,Amicalola Creek,,
1624,2026-05-22,44,Chattooga,Taliaferro Creek,,
1623,2026-05-21,43,White,Town Creek (W),,
1622,2026-05-21,78,Union,Cooper Creek,,
1621,2026-05-21,30,Rabun,Black Rock Lake,,
1620,2026-05-21,28,Rabun,Tiger Creek,,
1619,2026-05-21,18,Rabun,Stonewall Creek,,
1618,2026-05-21,26,Rabun,Holcomb Creek,,
1617,2026-05-21,71,Lumpkin,Frogtown Creek,,
1616,2026-05-21,68,Lumpkin,Dicks Creek,,
1615,2026-05-21,25,Lumpkin,Chestatee River,,
1614,2026-05-21,67,Lumpkin,Boggs Creek,,
1613,2026-05-21,23,Habersham,Panther Creek (H),,
1612,2026-05-20,64,White,Spoilcane Creek,,
1611,2026-05-20,62,White,Low Gap Creek,,
1610,2026-05-20,61,White,Jasus Creek,,
1609,2026-05-20,59,White,Chattahoochee River (WMA),,
1608,2026-05-20,79,Walker,West Armuchee,,
1607,2026-05-20,40,Union,Winfield Scott Lake,,
1606,2026-05-20,37,Union,Suches Creek,,
1605,2026-05-20,76,Stephens,Panther Creek (S),,
1604,2026-05-20,75,Stephens,Middle Broad River,,
1603,2026-05-20,24,Habersham,Raper Creek,,
1602,2026-05-20,65,Floyd,Johns Creek,,
1601,2026-05-19,94,Union,Canada Creek,,
1600,2026-05-19,54,Murray,Mill Creek - 1,,
1599,2026-05-19,53,Murray,Holly Creek,,
1598,2026-05-19,73,Lumpkin,Ward Creek,,
1597,2026-05-19,72,Lumpkin,Nimblewill Creek,,
1596,2026-05-19,70,Lumpkin,Etowah River,,
1595,2026-05-19,52,Gilmer,Mountaintown Creek,,
1594,2026-05-19,12,Gilmer,Turkey Creek,,
1593,2026-05-19,11,Gilmer,Tickanetley Creek,,
1592,2026-05-19,10,Gilmer,Owl Town Creek,,
1591,2026-05-19,9,Gilmer,Ellijay River,,
1590,2026-05-19,8,Gilmer,Coosawattee River,,
1589,2026-05-19,7,Gilmer,Clear Creek,,
1588,2026-05-18,41,Union,Wolf Creek,,
1587,2026-05-18,39,Union,W.F. Wolf Creek,,
1586,2026-05-18,36,Union,Nottely River,,
1585,2026-05-18,35,Union,Brasstown Creek (U),,
1584,2026-05-18,34,Towns,Swallow Creek,,
1583,2026-05-18,33,Towns,Soapstone Creek,,
1582,2026-05-18,32,Towns,Hiawassee River,,
1581,2026-05-18,31,Towns,Brasstown Creek (T),,
1580,2026-05-18,58,Rabun,West Fork Chattooga River,,
1579,2026-05-18,57,Rabun,Warwoman Creek,,
1578,2026-05-18,56,Rabun,Sarah's Creek,,
1577,2026-05-18,27,Rabun,Moccasin Creek,,
1576,2026-05-18,5,Forsyth/Gwinnett,Lanier Tailwater,,
1575,2026-05-18,81,Fannin,Rock Creek (F),,
1463,2026-05-15,64,White,Spoilcane Creek,,
1461,2026-05-15,82,White,Chattahoochee River,,
1460,2026-05-15,58,Rabun,West Fork Chattooga River,,
1459,2026-05-15,57,Rabun,Warwoman Creek,,
1458,2026-05-15,97,Rabun,Timpson,,
1457,2026-05-15,56,Rabun,Sarah's Creek,,
1456,2026-05-15,27,Rabun,Moccasin Creek,,
1455,2026-05-15,26,Rabun,Holcomb Creek,,
1454,2026-05-15,66,Habersham,Soque River,,
1453,2026-05-15,4,Fannin,Toccoa River (F),,
1452,2026-05-14,76,Stephens,Panther Creek (S),,
1451,2026-05-14,75,Stephens,Middle Broad River,,
1450,2026-05-14,72,Lumpkin,Nimblewill Creek,,
1449,2026-05-14,71,Lumpkin,Frogtown Creek,,
1448,2026-05-14,70,Lumpkin,Etowah River,,
1447,2026-05-14,68,Lumpkin,Dicks Creek,,
1446,2026-05-14,67,Lumpkin,Boggs Creek,,
1445,2026-05-14,1,Bartow,Connesena Creek,,
1444,2026-05-13,41,Union,Wolf Creek,,
1443,2026-05-13,36,Union,Nottely River,,
1442,2026-05-13,77,Towns,Tallulah River (T),,
1441,2026-05-13,33,Towns,Soapstone Creek,,
1440,2026-05-13,74,Rabun,Tallulah River (R),,
1439,2026-05-13,55,Paulding,Raccoon Creek,,
1438,2026-05-13,81,Fannin,Rock Creek (F),,
1437,2026-05-12,80,White,Smith Creek,,
1436,2026-05-12,62,White,Low Gap Creek,,
